City_ID!,City,Country,Date,Lat,Lng,Max Temp,Humidity,Cloudiness,Wind Speed
0,Saint George,US,2023-01-08 18:26:55,37.1041,-113.5841,9.68,59,20,2.57
1,Sur,OM,2023-01-08 18:26:55,22.5667,59.5289,21.36,72,0,1.28
2,Paharpur,PK,2023-01-08 18:26:55,32.1038,70.9724,13.13,45,0,1.99
3,Jamestown,US,2023-01-08 18:26:56,42.097,-79.2353,-0.23,69,100,2.57
4,Chuy,UY,2023-01-08 18:26:56,-33.6971,-53.4616,25.75,54,2,6.59
5,Hermanus,ZA,2023-01-08 18:26:56,-34.4187,19.2345,22.11,82,2,5.14
6,Dikson,RU,2023-01-08 18:26:57,73.5069,80.5464,-35.46,93,22,5.28
7,Selestat,FR,2023-01-08 18:26:57,48.2598,7.4565,9.43,87,100,2.06
8,Klaksvik,FO,2023-01-08 18:26:58,62.2266,-6.589,5.51,86,74,18.78
9,Vestmanna,FO,2023-01-08 18:26:58,62.1564,-7.1664,4.51,81,100,8.75
10,Luena,AO,2023-01-08 18:26:59,-11.7833,19.9167,17.65,96,96,2.08
11,Luderitz,NA,2023-01-08 18:26:59,-26.6481,15.1594,18.02,81,0,0.47
12,Nileshwar,IN,2023-01-08 18:27:00,12.25,75.1,24.69,75,0,3.13
13,Ushuaia,AR,2023-01-08 18:27:00,-54.8,-68.3,21.81,35,20,2.57
14,Port Blair,IN,2023-01-08 18:27:00,11.6667,92.75,26.02,69,20,1.03
15,Daultala,PK,2023-01-08 18:27:01,33.1925,73.1413,12.01,76,50,2.77
16,Nanortalik,GL,2023-01-08 18:27:01,60.1432,-45.2371,-2.83,78,100,3.99
17,Clyde River,CA,2023-01-08 18:27:02,70.4692,-68.5914,-32.87,68,0,1.54
18,Georgetown,MY,2023-01-08 18:27:02,5.4112,100.3354,26.64,88,20,1.03
19,Cape Town,ZA,2023-01-08 18:22:49,-33.9258,18.4232,21.73,81,20,8.75
20,Longyearbyen,SJ,2023-01-08 18:27:03,78.2186,15.6401,-5.09,63,20,4.63
21,Qaanaaq,GL,2023-01-08 18:27:03,77.484,-69.3632,-26.42,96,99,2.05
22,Vardo,NO,2023-01-08 18:27:03,70.3705,31.1107,-4.01,63,100,19.03
23,Mahebourg,MU,2023-01-08 18:27:04,-20.4081,57.7,26.25,78,40,3.6
24,Constantine,DZ,2023-01-08 18:22:05,36.365,6.6147,11.67,54,40,5.66
25,Voznesenye,RU,2023-01-08 18:27:04,61.0106,35.4781,-20.41,89,7,2.94
26,Bredasdorp,ZA,2023-01-08 18:27:05,-34.5322,20.0403,20.74,79,2,3.29
27,Mar Del Plata,AR,2023-01-08 18:24:38,-38.0023,-57.5575,28.79,80,0,10.28
28,Halifax,CA,2023-01-08 18:25:53,44.6453,-63.5724,-5.0,69,13,8.75
29,Torbay,CA,2023-01-08 18:27:05,47.6666,-52.7314,-0.34,78,100,2.57
30,The Valley,AI,2023-01-08 18:27:06,18.217,-63.0578,28.23,65,20,6.17
31,Valls,ES,2023-01-08 18:27:06,41.2861,1.2499,13.05,80,20,2.06
32,Constanta,RO,2023-01-08 18:27:07,44.1833,28.65,4.38,81,100,6.49
33,Polonnaruwa,LK,2023-01-08 18:27:07,7.9333,81.0,22.63,85,42,1.35
34,Mauriti,BR,2023-01-08 18:27:07,-7.3892,-38.7744,35.01,23,49,2.29
35,Port Alfred,ZA,2023-01-08 18:27:08,-33.5906,26.891,21.77,80,74,0.89
36,Altay,CN,2023-01-08 18:27:08,47.8667,88.1167,-2.37,88,99,1.71
37,Puerto Del Rosario,ES,2023-01-08 18:27:08,28.5004,-13.8627,19.86,73,20,4.12
38,Boa Vista,BR,2023-01-08 18:25:40,2.8197,-60.6733,30.99,55,75,2.06
39,Rodrigues Alves,BR,2023-01-08 18:27:09,-7.738,-72.6509,31.11,57,62,0.89
40,Carnarvon,AU,2023-01-08 18:27:09,-24.8667,113.6333,23.6,73,0,11.0
41,Tasiilaq,GL,2023-01-08 18:27:10,65.6145,-37.6368,-8.91,53,68,2.95
42,Bambous Virieux,MU,2023-01-08 18:27:10,-20.3428,57.7575,26.23,78,40,3.6
43,Malanje,AO,2023-01-08 18:27:11,-9.5402,16.341,18.26,89,93,1.96
44,Macas,EC,2023-01-08 18:28:11,-2.3167,-78.1167,24.86,69,40,2.06
45,Mecca,SA,2023-01-08 18:28:12,21.4267,39.8261,22.46,64,58,2.12
46,Luban,PL,2023-01-08 18:28:12,51.1201,15.2877,7.1,83,100,3.05
47,Puerto Cabezas,NI,2023-01-08 18:28:13,14.0351,-83.3888,28.98,84,75,6.17
48,Puerto Baquerizo Moreno,EC,2023-01-08 18:28:13,-0.9,-89.6,28.55,58,20,6.17
49,Buchanan,LR,2023-01-08 18:28:14,5.8808,-10.0467,27.84,74,7,4.86
50,Faya,SA,2023-01-08 18:28:15,18.3851,42.4509,13.06,79,11,2.19
51,Chongwe,ZM,2023-01-08 18:28:15,-15.3292,28.682,18.22,98,100,1.45
52,Ponta Do Sol,PT,2023-01-08 18:28:15,32.6667,-17.1,20.95,75,70,2.65
53,Hofn,IS,2023-01-08 18:28:16,64.2539,-15.2082,2.61,69,100,7.37
54,Tazovskiy,RU,2023-01-08 18:28:16,67.4667,78.7,-25.5,98,99,4.77
55,Lebu,CL,2023-01-08 18:28:17,-37.6167,-73.65,19.3,71,4,4.09
56,Manta,EC,2023-01-08 18:28:17,-0.95,-80.7333,26.88,74,75,3.09
57,Bela,IN,2023-01-08 18:28:18,25.9333,81.9833,10.71,41,0,2.04
58,Imbituba,BR,2023-01-08 18:28:18,-28.24,-48.6703,23.87,72,15,5.14
59,Saint-Jean-De-La-Ruelle,FR,2023-01-08 18:28:18,47.9113,1.8648,9.06,94,100,7.2
60,East London,ZA,2023-01-08 18:28:19,-33.0153,27.9116,22.52,78,0,6.17
61,Batamshinskiy,KZ,2023-01-08 18:28:19,50.5594,58.2747,-28.1,100,54,7.22
62,Port-Cartier,CA,2023-01-08 18:27:10,50.0334,-66.8654,-10.14,70,82,2.02
63,San Cristobal,VE,2023-01-08 18:28:20,7.7669,-72.225,24.1,60,48,2.06
64,Kalmunai,LK,2023-01-08 18:28:20,7.4167,81.8167,25.05,79,97,5.87
65,Santa Cruz Do Rio Pardo,BR,2023-01-08 18:28:20,-22.8989,-49.6325,26.4,62,75,3.11
66,Bonfim,BR,2023-01-08 18:28:21,3.0833,-59.95,31.97,55,58,1.59
67,Arraial Do Cabo,BR,2023-01-08 18:28:22,-22.9661,-42.0278,22.98,94,100,4.63
68,Brae,GB,2023-01-08 18:28:22,60.3964,-1.353,7.29,76,81,12.9
69,Tubuala,PA,2023-01-08 18:28:22,9.5167,-79.0333,26.82,79,35,3.78
70,Maraa,BR,2023-01-08 18:28:23,-1.8333,-65.3667,27.09,83,95,0.86
71,Souillac,MU,2023-01-08 18:28:23,-20.5167,57.5167,25.21,78,40,3.6
72,Thompson,CA,2023-01-08 18:26:36,55.7435,-97.8558,-11.91,92,100,2.57
73,Zdvinsk,RU,2023-01-08 18:28:24,54.7021,78.661,-4.95,82,100,10.78
74,Saint-Philippe,RE,2023-01-08 18:28:24,-21.3585,55.7679,26.77,79,51,5.5
75,Urumqi,CN,2023-01-08 18:28:01,43.801,87.6005,-13.47,92,27,0.0
76,Pitimbu,BR,2023-01-08 18:28:24,-7.4706,-34.8086,29.33,64,88,4.98
77,Marzuq,YE,2023-01-08 18:28:25,14.4,46.4667,18.22,78,4,2.39
78,Conakry,GN,2023-01-08 18:28:25,9.538,-13.6773,29.04,65,50,4.12
79,Leningradskiy,RU,2023-01-08 18:28:26,69.3833,178.4167,-29.57,97,88,1.47
80,Sausar,IN,2023-01-08 18:28:26,21.65,78.7833,14.78,24,0,2.06
81,Ribeira Grande,PT,2023-01-08 18:28:26,38.5167,-28.7,17.22,94,75,6.69
82,Hobyo,SO,2023-01-08 18:28:27,5.3505,48.5268,25.68,81,53,8.12
83,Okakarara,NA,2023-01-08 18:28:27,-20.5833,17.4333,28.94,15,43,2.88
84,Victoria,HK,2023-01-08 18:25:49,22.2855,114.1577,19.62,72,100,4.47
85,Busselton,AU,2023-01-08 18:28:28,-33.65,115.3333,14.59,87,0,5.75
86,Hambantota,LK,2023-01-08 18:28:28,6.1241,81.1185,24.19,94,20,4.63
87,San Carlos Del Zulia,VE,2023-01-08 18:28:28,9.0,-71.9135,29.66,64,73,2.22
88,Mende,FR,2023-01-08 18:28:29,44.6667,3.5,3.71,97,99,4.57
89,Micheweni,TZ,2023-01-08 18:29:29,-4.9667,39.8333,27.29,81,83,4.68
90,Touros,BR,2023-01-08 18:29:30,-5.1989,-35.4608,28.59,66,92,5.87
91,Viransehir,TR,2023-01-08 18:29:30,37.2353,39.7631,5.1,77,8,1.46
92,Qrendi,MT,2023-01-08 18:29:31,35.8347,14.4583,14.5,88,20,2.57
93,Porto Torres,IT,2023-01-08 18:28:17,40.835,8.3972,16.1,87,99,10.95
94,Bengkulu,ID,2023-01-08 18:29:31,-3.8004,102.2655,23.58,90,100,2.11
95,Bom Jesus,BR,2023-01-08 18:29:32,-9.0744,-44.3586,30.19,52,95,3.19
96,Sandwick,GB,2023-01-08 18:29:32,60.0,-1.25,7.9,71,40,13.38
97,Xai-Xai,MZ,2023-01-08 18:29:32,-25.0519,33.6442,21.81,77,39,2.9
98,Tambopata,PE,2023-01-08 18:29:33,-12.7333,-69.1833,33.94,55,40,1.54
99,Jumla,NP,2023-01-08 18:29:33,29.2747,82.1838,4.22,38,0,2.0
100,Shahr-E Kord,IR,2023-01-08 18:29:34,32.3256,50.8644,-3.13,74,20,2.06
101,Sept-Iles,CA,2023-01-08 18:29:34,50.2001,-66.3821,-9.97,62,75,4.63
102,Santa Rosa,PH,2023-01-08 18:29:34,14.3122,121.1114,23.99,79,53,4.96
103,Constitucion,CL,2023-01-08 18:29:35,-35.3333,-72.4167,21.13,61,11,4.71
104,Manga,BF,2023-01-08 18:29:35,11.6636,-1.0731,29.26,14,8,3.75
105,Bonavista,CA,2023-01-08 18:26:00,48.6499,-53.1147,-1.43,94,100,2.3
106,Trairi,BR,2023-01-08 18:27:13,-3.2778,-39.2689,29.82,60,56,6.58
107,Mehran,IR,2023-01-08 18:29:36,33.1222,46.1646,11.84,64,8,2.56
108,Los Llanos De Aridane,ES,2023-01-08 18:27:40,28.6585,-17.9182,17.86,81,20,4.12
109,Abu Samrah,SY,2023-01-08 18:29:36,35.3029,37.1841,8.76,73,11,3.39
110,Madimba,TZ,2023-01-08 18:29:37,-10.4,40.3333,26.58,77,65,2.55
111,Punta Arenas,CL,2023-01-08 18:29:37,-53.15,-70.9167,18.06,48,75,4.63
112,Upernavik,GL,2023-01-08 18:29:38,72.7868,-56.1549,-26.54,94,83,4.28
113,Mangrol,IN,2023-01-08 18:29:38,21.1167,70.1167,22.64,75,0,1.07
114,Nuuk,GL,2023-01-08 18:29:38,64.1835,-51.7216,-2.66,74,100,4.47
115,Ostrovnoy,RU,2023-01-08 18:29:39,68.0531,39.5131,-14.62,95,84,4.81
116,Galich,RU,2023-01-08 18:29:39,58.3797,42.3475,-34.57,100,7,1.34
117,Harbour Breton,CA,2023-01-08 18:29:40,47.4833,-55.7983,0.97,72,100,7.12
118,Santiago,CL,2023-01-08 18:25:47,-33.4569,-70.6483,34.05,33,0,7.72
119,Araouane,ML,2023-01-08 18:29:40,18.9048,-3.5265,22.75,11,100,5.06
120,Port-Gentil,GA,2023-01-08 18:29:41,-0.7193,8.7815,27.98,78,20,2.57
121,Cotonou,BJ,2023-01-08 18:29:41,6.3654,2.4183,27.23,78,40,4.84
122,Saint-Pierre,RE,2023-01-08 18:29:41,-21.3393,55.4781,26.82,74,40,1.03
123,Neutraubling,DE,2023-01-08 18:29:42,48.9833,12.2,6.6,94,99,4.92
124,Sao Joao Da Barra,BR,2023-01-08 18:29:42,-21.6403,-41.0511,25.05,85,99,4.87
125,Saldanha,ZA,2023-01-08 18:29:42,-33.0117,17.9442,21.03,89,25,9.45
126,Mantua,IT,2023-01-08 18:29:43,45.1667,10.7833,7.97,92,100,3.13
127,Garowe,SO,2023-01-08 18:29:43,8.4054,48.4845,24.76,57,2,7.84
128,Maragogi,BR,2023-01-08 18:29:44,-9.0122,-35.2225,28.17,63,52,4.63
129,Vila Velha,BR,2023-01-08 18:26:50,-20.3297,-40.2925,24.97,87,75,5.14
130,Zamora,EC,2023-01-08 18:24:58,-4.0692,-78.9567,29.58,84,81,1.93
131,Kangaatsiaq,GL,2023-01-08 18:29:44,68.3065,-53.4641,-18.73,94,42,3.6
132,Geraldton,AU,2023-01-08 18:29:45,-28.7667,114.6,19.23,82,0,4.63
133,Salalah,OM,2023-01-08 18:29:45,17.0151,54.0924,24.05,73,40,2.06
134,Vila Franca Do Campo,PT,2023-01-08 18:29:45,37.7167,-25.4333,17.23,88,27,3.96
135,Yar-Sale,RU,2023-01-08 18:30:46,66.8333,70.8333,-23.73,98,100,5.58
136,Beloha,MG,2023-01-08 18:30:46,-25.1667,45.05,23.96,85,59,1.93
137,Medea,DZ,2023-01-08 18:30:47,36.2642,2.7539,9.12,53,83,2.44
138,Boende,CD,2023-01-08 18:30:47,-0.2167,20.8667,27.56,47,100,0.81
139,Cockburn Town,TC,2023-01-08 18:30:47,21.4612,-71.1419,26.98,57,40,7.2
140,Golspie,GB,2023-01-08 18:30:49,57.9727,-3.978,6.75,79,100,4.15
141,Belmonte,BR,2023-01-08 18:30:49,-15.8631,-38.8828,27.18,74,100,3.62
142,Shubarkuduk,KZ,2023-01-08 18:30:50,49.1447,56.4872,-22.96,97,16,2.31
143,Utete,TZ,2023-01-08 18:30:50,-7.986,38.758,23.85,92,37,1.77
144,Port Elizabeth,ZA,2023-01-08 18:30:50,-33.918,25.5701,21.16,87,0,5.66
145,Blantyre,MW,2023-01-08 18:30:51,-15.785,35.0085,18.65,97,100,2.64
146,Morondava,MG,2023-01-08 18:30:51,-20.2833,44.2833,26.92,83,100,4.55
147,Borovoy,RU,2023-01-08 18:30:52,55.4333,86.0833,2.6,87,100,5.0
148,Jibuti,DJ,2023-01-08 18:29:44,11.5,42.5,21.66,64,5,7.36
149,Cabedelo,BR,2023-01-08 18:30:52,-6.9811,-34.8339,29.37,66,100,5.0
150,Quatre Cocos,MU,2023-01-08 18:30:53,-20.2078,57.7625,26.16,76,9,5.27
151,Ekibastuz,KZ,2023-01-08 18:30:53,51.6667,75.3667,-15.14,78,53,12.56
152,Paamiut,GL,2023-01-08 18:30:53,61.994,-49.6678,-3.34,71,100,5.21
153,Antalaha,MG,2023-01-08 18:30:54,-14.9003,50.2788,24.39,88,4,1.78
154,Huarmey,PE,2023-01-08 18:30:54,-10.0681,-78.1522,23.83,71,14,4.91
155,Coquimbo,CL,2023-01-08 18:30:55,-29.9533,-71.3436,21.85,68,20,6.69
156,Cove,BJ,2023-01-08 18:30:55,7.221,2.3402,28.87,30,91,2.67
157,Lagoa,PT,2023-01-08 18:30:56,39.05,-27.9833,15.78,93,48,8.4
158,Molchanovo,RU,2023-01-08 18:30:56,57.5817,83.7692,1.34,94,100,7.07
159,Luanda,AO,2023-01-08 18:30:57,-8.8368,13.2343,26.0,83,75,2.57
160,Middle Island,US,2023-01-08 18:30:57,40.8843,-72.9373,5.47,52,0,3.09
161,Marawi,PH,2023-01-08 18:30:58,7.9986,124.2928,19.02,97,100,0.88
162,Dingle,PH,2023-01-08 18:30:58,10.9995,122.6711,22.74,91,100,4.06
163,Rawson,AR,2023-01-08 18:30:59,-43.3002,-65.1023,34.46,25,100,11.32
164,Borujerd,IR,2023-01-08 18:30:59,33.8973,48.7516,-0.57,78,9,1.67
165,Sinnamary,GF,2023-01-08 18:30:59,5.3833,-52.95,25.3,88,96,5.04
166,Kilimatinde,TZ,2023-01-08 18:31:00,-5.85,34.95,21.38,74,92,1.12
167,Kabul,AF,2023-01-08 18:31:00,34.5,69.4167,0.2,96,100,0.83
168,Yerazgavors,AM,2023-01-08 18:31:01,40.7,43.75,-2.57,54,100,0.51
169,Antofagasta,CL,2023-01-08 18:30:31,-23.65,-70.4,22.6,62,1,4.77
170,Bindura,ZW,2023-01-08 18:31:01,-17.3019,31.3306,17.29,96,100,1.01
171,Villacarrillo,ES,2023-01-08 18:31:02,38.1156,-3.0848,10.91,97,100,5.77
172,Hithadhoo,MV,2023-01-08 18:31:02,-0.6,73.0833,26.83,74,92,2.18
173,Oktyabrskiy,RU,2023-01-08 18:31:03,54.4815,53.471,-32.56,100,90,1.41
174,Adrar,MR,2023-01-08 18:31:03,20.5022,-10.0711,19.81,14,100,5.37
175,Namibe,AO,2023-01-08 18:31:04,-15.1961,12.1522,22.38,73,100,3.09
176,Inta,RU,2023-01-08 18:31:04,66.0317,60.1659,-31.57,97,100,3.53
177,Matveyevka,RU,2023-01-08 18:31:05,52.15,56.1833,-30.41,100,98,0.32
178,Kiruna,SE,2023-01-08 18:31:06,67.8557,20.2251,-11.49,79,100,3.09
179,Lokoja,NG,2023-01-08 18:31:06,7.8024,6.743,29.28,16,24,1.39
180,Ciudad Bolivar,VE,2023-01-08 18:31:06,8.1222,-63.5497,30.2,53,100,4.58
181,San Julian,MX,2023-01-08 18:31:07,21.0167,-102.1667,21.4,19,0,3.1
182,Tigzirt,DZ,2023-01-08 18:32:07,36.8886,4.1198,15.79,52,87,4.29
183,Harper,LR,2023-01-08 18:32:07,4.375,-7.7169,27.24,77,14,4.03
184,Ramnagar,IN,2023-01-08 18:32:08,29.4,79.1167,11.82,42,5,1.5
185,Hammerfest,NO,2023-01-08 18:32:08,70.6634,23.6821,-7.75,73,40,13.38
186,Kichmengskiy Gorodok,RU,2023-01-08 18:32:09,59.9816,45.7854,-38.71,100,29,1.15
187,Nuqui,CO,2023-01-08 18:32:09,5.7125,-77.2708,27.19,76,94,3.14
188,Tromso,NO,2023-01-08 18:32:10,69.6496,18.957,-2.99,68,40,8.75
189,Viedma,AR,2023-01-08 18:32:10,-40.8135,-62.9967,38.14,17,32,10.91
190,Skibbereen,IE,2023-01-08 18:32:11,51.55,-9.2667,8.39,82,31,12.04
191,Turtas,RU,2023-01-08 18:32:11,58.9417,69.1325,-28.32,93,100,4.8
192,Sete,FR,2023-01-08 18:32:11,43.4018,3.6966,10.92,82,100,2.82
193,Chicama,PE,2023-01-08 18:32:12,-7.8447,-79.1469,20.3,55,68,5.16
194,Saint-Francois,FR,2023-01-08 18:31:28,46.4154,3.9054,8.87,95,100,1.03
195,Cap-Haitien,HT,2023-01-08 18:32:12,19.7578,-72.2042,26.08,73,31,9.35
196,Massa Marittima,IT,2023-01-08 18:32:13,43.049,10.8928,14.08,100,100,6.85
197,Ramanathapuram,IN,2023-01-08 18:28:24,9.3833,78.8333,25.02,72,3,6.64
198,Talara,PE,2023-01-08 18:32:13,-4.5772,-81.2719,29.42,51,0,5.66
199,Otavi,NA,2023-01-08 18:32:14,-19.65,17.3333,26.92,23,99,2.92
200,Fort Wellington,GY,2023-01-08 18:32:14,6.4,-57.6,25.78,83,80,3.78
201,Atar,MR,2023-01-08 18:32:15,20.5169,-13.0499,22.84,12,100,5.02
202,Pauini,BR,2023-01-08 18:32:15,-7.7136,-66.9764,33.27,47,24,1.73
203,Mehamn,NO,2023-01-08 18:32:15,71.0357,27.8492,-7.03,73,75,12.35
204,Pyaozerskiy,RU,2023-01-08 18:32:16,65.8333,31.1667,-13.11,85,100,5.16
205,Kemijarvi,FI,2023-01-08 18:32:16,66.7131,27.4306,-10.17,83,100,6.57
206,Zhanakorgan,KZ,2023-01-08 18:32:17,43.9098,67.2495,-1.55,63,100,2.04
207,Tiznit,MA,2023-01-08 18:27:33,29.5833,-9.5,15.13,45,0,3.0
208,Shelburne,CA,2023-01-08 18:31:44,44.0787,-80.2041,-2.75,100,100,3.57
209,Sayat,TM,2023-01-08 18:32:17,38.7839,63.8803,4.93,69,9,3.27
210,Fairhaven,US,2023-01-08 18:32:18,41.6376,-70.9036,3.52,58,0,2.24
211,Nioro,GM,2023-01-08 18:32:18,13.35,-15.75,27.76,16,100,6.44
212,Pangnirtung,CA,2023-01-08 18:32:18,66.1451,-65.7125,-27.0,76,0,2.06
213,Coihaique,CL,2023-01-08 18:32:19,-45.5752,-72.0662,22.34,60,100,1.54
214,Sorland,NO,2023-01-08 18:32:19,67.667,12.6934,3.92,73,100,11.03
215,Workington,GB,2023-01-08 18:30:46,54.6425,-3.5441,6.12,93,97,3.13
216,Isiro,CD,2023-01-08 18:32:20,2.7739,27.616,21.32,45,66,1.03
217,Barcelos,PT,2023-01-08 18:29:08,41.5388,-8.6151,14.08,91,99,3.98
218,Iqaluit,CA,2023-01-08 18:29:51,63.7506,-68.5145,-29.15,76,40,14.92
219,Sayville,US,2023-01-08 18:32:20,40.7359,-73.0821,5.66,49,75,3.09
220,Sabla,NG,2023-01-08 18:32:21,12.7525,4.7077,25.3,17,70,4.56
221,Inhambane,MZ,2023-01-08 18:32:21,-23.865,35.3833,22.99,88,40,3.09
222,Albany,US,2023-01-08 18:29:03,42.6001,-73.9662,2.02,62,3,1.28
223,Ancud,CL,2023-01-08 18:28:29,-41.8697,-73.8203,18.02,75,64,4.56
224,Rio Grande,BR,2023-01-08 18:32:22,-32.035,-52.0986,28.06,64,24,7.63
225,Kamina,CD,2023-01-08 18:32:22,-8.7386,24.9906,17.68,95,100,2.19
226,Abu Dhabi,AE,2023-01-08 18:32:23,24.4667,54.3667,21.01,68,0,3.77
227,Cap Malheureux,MU,2023-01-08 18:32:23,-19.9842,57.6142,26.37,71,5,2.68
228,Kruisfontein,ZA,2023-01-08 18:32:23,-34.0033,24.7314,19.51,81,1,2.79
229,Rocha,UY,2023-01-08 18:31:26,-34.4833,-54.3333,28.27,41,0,7.71
230,Muros,ES,2023-01-08 18:32:24,42.7762,-9.0603,12.83,84,95,7.91
231,Cuamba,MZ,2023-01-08 18:33:24,-14.8031,36.5372,21.36,96,100,1.57
232,Shamkhal,RU,2023-01-08 18:33:24,43.0596,47.3373,-7.01,37,99,2.67
233,Bardiyah,LY,2023-01-08 18:33:25,31.7561,25.0865,14.9,73,0,4.22
234,Bhuban,IN,2023-01-08 18:33:25,20.8833,85.8333,14.47,41,0,0.51
235,Nuzvid,IN,2023-01-08 18:33:26,16.7833,80.85,16.17,85,0,1.31
236,Pangody,RU,2023-01-08 18:33:26,65.85,74.4859,-32.69,100,46,3.81
237,Pascagoula,US,2023-01-08 18:33:27,30.3658,-88.5561,20.79,86,100,0.0
238,Obzor,BG,2023-01-08 18:33:27,42.8167,27.8833,7.3,84,2,5.13
239,Carballo,ES,2023-01-08 18:33:27,43.213,-8.691,12.7,92,100,4.43
240,Matagami,CA,2023-01-08 18:33:28,49.7502,-77.6328,-8.94,79,100,3.6
241,Gao,ML,2023-01-08 18:33:28,16.6362,1.637,24.08,15,7,5.38
242,Karoi,ZW,2023-01-08 18:33:29,-16.8099,29.6925,16.8,98,100,1.51
243,Marand,IR,2023-01-08 18:33:29,38.4329,45.7749,0.81,81,100,0.91
244,Abeche,TD,2023-01-08 18:33:30,13.8292,20.8324,22.62,15,81,4.44
245,Mtwara,TZ,2023-01-08 18:33:30,-10.2667,40.1833,27.63,78,20,5.14
246,Dzilam Gonzalez,MX,2023-01-08 18:33:31,21.2833,-88.9333,30.45,48,6,2.59
247,Urbino,IT,2023-01-08 18:33:31,43.7298,12.6356,12.37,74,100,4.83
248,Kargasok,RU,2023-01-08 18:33:32,59.0556,80.8572,-9.36,96,100,4.25
249,Serov,RU,2023-01-08 18:32:13,59.6033,60.5787,-29.3,85,100,4.15
250,Tazmalt,DZ,2023-01-08 18:33:32,36.3868,4.3989,12.65,50,93,2.76
251,Anloga,GH,2023-01-08 18:33:33,5.7947,0.8973,27.22,81,58,5.43
252,Zuenoula,CI,2023-01-08 18:33:33,7.4292,-6.0431,28.27,22,6,0.99
253,Nusaybin,TR,2023-01-08 18:33:33,37.0778,41.2178,4.77,87,75,4.12
254,Nikolsk,RU,2023-01-08 18:33:34,53.7189,46.0712,-27.37,100,94,1.97
255,Sagua La Grande,CU,2023-01-08 18:33:34,22.8067,-80.0756,27.55,58,51,5.97
256,Ginir,ET,2023-01-08 18:33:35,7.1333,40.7,15.26,47,6,1.29
257,Bandarbeyla,SO,2023-01-08 18:33:35,9.4942,50.8122,24.59,77,13,7.18
258,Kalpi,IN,2023-01-08 18:33:36,26.1167,79.7333,10.63,39,0,1.23
259,Jasper,US,2023-01-08 18:33:36,37.2001,-94.3502,6.05,76,40,0.45
260,Surt,LY,2023-01-08 18:33:36,31.2089,16.5887,16.96,66,4,4.93
261,Kuusamo,FI,2023-01-08 18:33:37,65.9667,29.1833,-13.98,78,0,8.23
262,Molo,KE,2023-01-08 18:33:37,-0.2479,35.7374,11.52,86,51,2.13
263,Bathsheba,BB,2023-01-08 18:33:38,13.2167,-59.5167,28.34,74,40,7.72
264,Ormara,PK,2023-01-08 18:33:38,25.2088,64.6357,21.83,70,5,3.92
265,Zavyalovo,RU,2023-01-08 18:33:38,54.5053,82.4484,2.4,77,100,12.14
266,Castellammare Del Golfo,IT,2023-01-08 18:33:39,38.0188,12.8858,13.62,89,12,3.16
267,Kidal,ML,2023-01-08 18:33:39,18.4411,1.4078,24.27,11,100,4.47
268,Talnakh,RU,2023-01-08 18:33:14,69.4865,88.3972,-32.11,97,100,4.53
269,Capreol,CA,2023-01-08 18:33:40,46.706,-80.9225,-4.14,93,100,5.66
270,Grand Gaube,MU,2023-01-08 18:33:40,-20.0064,57.6608,26.32,71,5,2.68
271,Ishim,RU,2023-01-08 18:32:12,56.1128,69.4902,-25.14,95,100,5.31
272,Juba,SS,2023-01-08 18:33:41,4.8517,31.5825,28.08,27,14,2.19
273,Ndjole,GA,2023-01-08 18:33:41,-0.1783,10.7649,24.12,94,54,0.88
274,Tsiroanomandidy,MG,2023-01-08 18:33:42,-18.7667,46.0333,21.07,91,100,1.23
275,Jalalpur,PK,2023-01-08 18:33:42,32.6374,74.2183,9.93,81,40,0.0
276,Chiredzi,ZW,2023-01-08 18:34:43,-21.05,31.6667,17.55,82,78,1.97
277,Soyo,AO,2023-01-08 18:34:43,-6.1349,12.3689,25.56,87,100,3.82
278,Umm Lajj,SA,2023-01-08 18:34:43,25.0213,37.2685,21.8,53,97,2.38
279,Gornopravdinsk,RU,2023-01-08 18:34:44,60.05,69.9,-28.8,91,100,5.69
280,Lvov,UA,2023-01-08 18:34:44,49.8383,24.0232,1.5,96,100,6.7
281,Luangwa,ZM,2023-01-08 18:34:45,-15.6167,30.4167,21.55,97,98,1.52
282,Gazalkent,UZ,2023-01-08 18:34:45,41.5581,69.7708,4.8,93,100,0.94
283,Hearst,CA,2023-01-08 18:34:45,49.6835,-83.6665,0.14,86,100,5.15
284,Margate,GB,2023-01-08 18:34:46,51.3813,1.3862,8.28,82,100,3.13
285,Meulaboh,ID,2023-01-08 18:34:46,4.1363,96.1285,23.83,89,100,1.37
286,Khorixas,NA,2023-01-08 18:34:47,-20.3667,14.9667,23.47,29,10,7.1
287,Qasigiannguit,GL,2023-01-08 18:34:47,68.8193,-51.1922,-16.86,85,44,1.57
288,Kasongo-Lunda,CD,2023-01-08 18:34:48,-6.4667,16.8167,20.98,94,100,0.62
289,Mailsi,PK,2023-01-08 18:34:48,29.8003,72.1758,13.56,17,100,1.99
290,Cascais,PT,2023-01-08 18:29:57,38.6979,-9.4215,17.74,99,100,7.6
291,Sal Rei,CV,2023-01-08 18:34:49,16.1833,-22.9167,25.11,61,0,8.23
292,Muisne,EC,2023-01-08 18:34:49,0.6,-80.0333,25.83,76,96,4.49
293,Cidreira,BR,2023-01-08 18:34:49,-30.1811,-50.2056,23.26,73,47,7.09
294,Zhezkazgan,KZ,2023-01-08 18:34:50,47.8043,67.7144,-19.46,96,12,2.4
295,Najran,SA,2023-01-08 18:30:41,17.4924,44.1277,15.36,64,0,1.42
296,Rafraf,TN,2023-01-08 18:34:50,37.1904,10.1837,10.17,56,28,1.76
297,Morros,BR,2023-01-08 18:34:50,-9.4467,-46.3003,26.17,70,92,1.59
298,Sao Filipe,CV,2023-01-08 18:34:51,14.8961,-24.4956,23.56,67,0,4.46
299,Stralsund,DE,2023-01-08 18:34:51,54.3091,13.0818,7.23,95,100,4.48
300,Zaraza,VE,2023-01-08 18:34:52,9.3503,-65.3245,29.96,53,100,1.31
301,Uyemskiy,RU,2023-01-08 18:34:52,64.4743,40.8524,-18.97,84,75,2.0
302,Donskoye,RU,2023-01-08 18:34:52,45.4552,41.9741,-14.93,81,11,3.26
303,Shache,CN,2023-01-08 18:34:53,38.4167,77.2406,-1.33,34,93,0.78
304,Kabare,CD,2023-01-08 18:34:53,-2.4683,28.8242,16.36,90,72,0.71
305,Sunds,DK,2023-01-08 18:34:54,56.2042,9.0127,7.05,81,75,3.09
306,Ambatofinandrahana,MG,2023-01-08 18:34:54,-20.55,46.8,17.73,94,100,0.44
307,Obo,CF,2023-01-08 18:34:54,5.3998,26.4869,25.16,24,17,1.24
308,Ayorou,NE,2023-01-08 18:34:55,14.7308,0.9174,26.87,16,20,4.96
309,Arlit,NE,2023-01-08 18:34:55,18.7369,7.3853,21.75,20,92,7.4
310,Castro,BR,2023-01-08 18:34:56,-24.7911,-50.0119,20.97,73,39,3.76
311,Cauquenes,CL,2023-01-08 18:34:56,-35.9671,-72.3225,33.69,16,2,5.77
312,Marovoay,MG,2023-01-08 18:34:56,-16.1,46.6333,25.44,84,17,1.78
313,Trinidad,BO,2023-01-08 18:34:57,-14.8333,-64.9,32.99,58,20,1.03
314,Laurel,US,2023-01-08 18:34:57,39.0993,-76.8483,6.7,60,0,2.06
315,Roald,NO,2023-01-08 18:34:58,62.5833,6.1333,9.08,53,0,3.6
316,Wattegama,LK,2023-01-08 18:34:58,6.7989,81.4808,22.07,87,70,2.64
317,Palghar,IN,2023-01-08 18:31:06,19.6833,72.75,22.2,58,0,2.96
318,Malakal,SS,2023-01-08 18:34:59,9.5334,31.6605,26.63,28,4,2.45
319,Pechora,RU,2023-01-08 18:34:59,65.1472,57.2244,-40.6,100,89,0.91
320,Oussouye,SN,2023-01-08 18:34:59,12.485,-16.5469,26.1,25,100,7.84
321,Manaira,BR,2023-01-08 18:35:00,-7.7061,-38.1544,32.9,20,76,3.01
322,Porbandar,IN,2023-01-08 18:36:00,21.6422,69.6093,22.92,59,0,4.14
323,Kribi,CM,2023-01-08 18:36:01,2.95,9.9167,26.62,79,88,5.15
324,Moose Factory,CA,2023-01-08 18:36:01,51.2585,-80.6094,-4.0,86,100,4.63
325,Koutiala,ML,2023-01-08 18:36:01,12.3917,-5.4642,28.46,16,92,3.78
326,Ponta Delgada,PT,2023-01-08 18:36:02,37.7333,-25.6667,17.4,88,20,4.63
327,Sakakah,SA,2023-01-08 18:36:02,29.9697,40.2064,11.76,55,0,4.56
328,Quelimane,MZ,2023-01-08 18:36:03,-17.8786,36.8883,26.97,83,40,3.6
329,Laguna,US,2023-01-08 18:36:03,38.421,-121.4238,15.05,78,100,8.23
330,Ler,SS,2023-01-08 18:36:04,8.3018,30.1418,27.49,26,8,1.91
331,Codrington,AU,2023-01-08 18:36:04,-38.2667,141.9667,15.85,89,0,5.03
332,Bondoukou,CI,2023-01-08 18:36:05,8.0333,-2.8,28.46,17,11,1.4
333,Trincomalee,LK,2023-01-08 18:36:05,8.5711,81.2335,25.68,70,100,6.02
334,Kempele,FI,2023-01-08 18:36:05,64.9131,25.5034,-6.99,63,100,9.26
335,Burgos,ES,2023-01-08 18:31:52,42.3394,-3.7079,10.23,87,75,7.2
336,Bubaque,GW,2023-01-08 18:36:06,11.2833,-15.8333,28.49,55,87,7.83
337,Beira,MZ,2023-01-08 18:36:06,-19.8436,34.8389,23.05,88,75,3.5
338,Havelock,US,2023-01-08 18:36:07,34.8791,-76.9013,14.99,57,20,1.79
339,Calama,CL,2023-01-08 18:34:07,-22.4667,-68.9333,25.27,7,0,9.26
340,Gangtok,IN,2023-01-08 18:36:07,27.3333,88.6167,7.26,42,0,2.61
341,Umarkhed,IN,2023-01-08 18:36:08,19.6,77.7,16.07,24,0,1.05
342,Ouadda,CF,2023-01-08 18:36:08,8.0777,22.4007,21.95,24,11,2.18
343,Ilulissat,GL,2023-01-08 18:36:09,69.2167,-51.1,-16.99,71,20,2.06
344,Tucurui,BR,2023-01-08 18:36:09,-3.7661,-49.6725,26.79,85,100,1.13
345,Olenino,RU,2023-01-08 18:36:09,56.2092,33.4889,-17.03,94,53,2.31
346,Caravelas,BR,2023-01-08 18:36:10,-17.7125,-39.2481,26.85,73,100,2.88
347,Aksarka,RU,2023-01-08 18:33:18,66.5606,67.7975,-24.75,88,100,3.11
348,La Rioja,ES,2023-01-08 18:36:10,42.25,-2.5,3.88,75,100,6.23
349,Cassilandia,BR,2023-01-08 18:36:11,-19.1133,-51.7342,26.3,77,100,2.83
350,Tabas,IR,2023-01-08 18:36:11,33.5959,56.9244,10.0,42,0,0.78
351,Afua,BR,2023-01-08 18:36:11,-0.1567,-50.3867,29.57,63,77,3.63
352,Nizwa,OM,2023-01-08 18:36:12,22.9333,57.5333,19.67,60,9,2.52
353,Porto Walter,BR,2023-01-08 18:36:12,-8.2686,-72.7439,30.21,56,100,1.61
354,Saint-Augustin,CA,2023-01-08 18:36:13,51.226,-58.6502,-12.02,70,3,5.63
355,Santa Cruz,BO,2023-01-08 18:35:06,-17.8,-63.1667,33.03,52,40,4.12
356,Boralday,KZ,2023-01-08 18:36:13,43.3578,76.8594,1.92,80,100,2.0
357,Bam,IR,2023-01-08 18:36:13,29.106,58.357,10.72,43,6,1.05
358,Hamilton,US,2023-01-08 18:36:14,39.1834,-84.5333,5.7,64,100,3.09
359,Suleja,NG,2023-01-08 18:36:14,9.1758,7.1808,30.55,10,100,2.17
360,Marsa Matruh,EG,2023-01-08 18:36:15,31.3525,27.2453,13.11,88,40,3.09
361,Logrono,ES,2023-01-08 18:36:16,42.4667,-2.45,10.8,93,75,1.03
362,Lusambo,CD,2023-01-08 18:36:16,-4.9667,23.45,20.52,96,77,0.45
363,Cururupu,BR,2023-01-08 18:34:08,-1.8283,-44.8683,29.32,60,83,2.95
364,Ondangwa,NA,2023-01-08 18:36:16,-17.9167,15.95,32.15,20,100,3.39
365,Ankara,TR,2023-01-08 18:36:17,39.9199,32.8543,0.11,97,100,1.03
366,Ongandjera,NA,2023-01-08 18:36:17,-17.8833,15.0667,30.52,20,100,2.34
367,Sabang,ID,2023-01-08 18:36:18,5.8933,95.3214,26.74,72,24,3.83
368,Carutapera,BR,2023-01-08 18:36:18,-1.195,-46.02,28.6,67,98,4.07
369,Szczytno,PL,2023-01-08 18:37:18,53.5626,20.9875,-0.04,100,100,5.14
370,Tabriz,IR,2023-01-08 18:37:19,38.08,46.2919,-0.3,86,75,2.06
371,Kalininsk,RU,2023-01-08 18:37:19,51.5,44.4758,-15.95,95,80,3.46
372,Narsaq,GL,2023-01-08 18:37:20,60.9167,-46.05,-8.07,70,100,3.86
373,Mitsamiouli,KM,2023-01-08 18:37:20,-11.3847,43.2844,27.08,79,24,4.44
374,Cayenne,GF,2023-01-08 18:37:21,4.9333,-52.3333,25.02,83,75,4.12
375,Kyshtovka,RU,2023-01-08 18:37:21,56.555,76.6271,-13.07,95,100,5.03
376,Navoi,UZ,2023-01-08 18:34:21,40.0844,65.3792,0.71,86,92,3.09
377,Spring Hill,US,2023-01-08 18:36:15,28.4769,-82.5255,24.99,53,20,4.63
378,Camana,PE,2023-01-08 18:37:22,-16.6228,-72.7111,23.75,71,36,3.68
379,Jaruco,CU,2023-01-08 18:37:22,23.0431,-82.0108,28.57,60,46,4.42
380,Jawhar,SO,2023-01-08 18:37:22,2.7809,45.5005,24.41,79,90,7.91
381,Ithaca,US,2023-01-08 18:37:23,42.4406,-76.4966,2.84,73,75,0.89
382,Mumford,GH,2023-01-08 18:37:23,5.2618,-0.759,26.74,84,8,4.3
383,Gubkin,RU,2023-01-08 18:37:24,51.2817,37.5458,-14.98,92,7,0.65
384,Ylivieska,FI,2023-01-08 18:37:24,64.0833,24.55,-7.84,92,100,7.01
385,Dalhousie,IN,2023-01-08 18:37:25,32.5333,75.9833,8.39,45,100,2.72
386,Taltal,CL,2023-01-08 18:37:25,-25.4,-70.4833,22.34,65,24,3.06
387,Agogo,GH,2023-01-08 18:37:25,6.8,-1.0819,26.67,28,10,0.82
388,Berbera,SO,2023-01-08 18:37:26,10.4396,45.0143,25.02,69,0,4.47
389,Abu Kamal,SY,2023-01-08 18:37:26,34.4506,40.9171,10.9,55,35,2.46
390,Takoradi,GH,2023-01-08 18:37:27,4.8845,-1.7554,27.14,81,9,4.23
391,Osypenko,UA,2023-01-08 18:37:27,46.9136,36.8253,-6.81,60,10,4.61
392,Planadas,CO,2023-01-08 18:37:27,3.197,-75.6451,22.24,80,87,1.69
393,Monte Patria,CL,2023-01-08 18:37:28,-30.6919,-70.9467,30.23,36,2,5.83
394,Lagos,NG,2023-01-08 18:37:29,6.5833,3.75,29.18,83,100,2.92
395,Nsanje,MW,2023-01-08 18:37:29,-16.92,35.262,21.67,85,100,2.63
396,Acarau,BR,2023-01-08 18:37:30,-2.8856,-40.12,29.32,62,12,7.92
397,Abalak,RU,2023-01-08 18:37:30,58.1286,68.5944,-27.88,92,100,5.0
398,Saint Anthony,US,2023-01-08 18:37:30,45.0205,-93.218,-3.98,76,0,5.66
399,Anse-Bertrand,GP,2023-01-08 18:37:31,16.4721,-61.5078,27.9,100,4,6.94
400,Kuytun,RU,2023-01-08 18:37:31,54.3419,101.5036,-12.42,93,100,2.95
401,Diego De Almagro,CL,2023-01-08 18:37:32,-26.3667,-70.05,28.94,15,0,7.88
402,San Felix,UY,2023-01-08 18:37:32,-32.3333,-58.1333,37.53,15,0,4.55
403,Sisimiut,GL,2023-01-08 18:37:32,66.9395,-53.6735,-11.73,79,88,3.52
404,Hvide Sande,DK,2023-01-08 18:37:33,56.0045,8.1294,7.27,80,98,9.45
405,Corinto,GR,2023-01-08 18:37:33,37.9407,22.9573,9.38,62,0,1.29
406,Naspur,IN,2023-01-08 18:37:34,18.8333,79.45,16.56,26,0,1.92
407,Kavaratti,IN,2023-01-08 18:37:34,10.5669,72.642,27.22,65,0,1.98
408,Huayucachi,PE,2023-01-08 18:37:35,-12.1333,-75.2333,16.31,56,100,2.53
409,Coracora,PE,2023-01-08 18:37:35,-15.0333,-73.7833,14.84,56,99,4.38
410,Vestmannaeyjar,IS,2023-01-08 18:37:35,63.4427,-20.2734,3.55,65,100,15.43
411,Lac-Megantic,CA,2023-01-08 18:37:36,45.5834,-70.8823,-6.38,61,12,3.39
412,Kosh-Agach,RU,2023-01-08 18:37:36,50.0,88.6667,-17.29,85,38,1.67
413,Gilgit,PK,2023-01-08 18:35:13,35.9221,74.3087,5.67,95,100,1.46
414,Staszow,PL,2023-01-08 18:38:37,50.5631,21.1659,4.4,98,100,3.19
415,Tabuk,PH,2023-01-08 18:38:37,17.4189,121.4443,19.54,91,38,0.16
416,Nara,JP,2023-01-08 18:38:37,34.6851,135.8049,4.62,75,1,1.41
417,Karlskrona,SE,2023-01-08 18:38:38,56.1616,15.5866,5.25,99,100,4.79
418,Ejura,GH,2023-01-08 18:38:38,7.3856,-1.3562,29.89,16,12,1.48
419,Darnah,LY,2023-01-08 18:38:38,32.767,22.6367,15.21,70,0,4.67
420,Nikki,BJ,2023-01-08 18:38:39,9.9401,3.2108,26.63,11,27,1.92
421,Henties Bay,NA,2023-01-08 18:38:39,-22.116,14.2845,19.2,89,14,1.67
422,Mayor Pablo Lagerenza,PY,2023-01-08 18:38:40,-19.9309,-60.7718,38.76,18,100,3.56
423,Miranda,CO,2023-01-08 18:38:40,3.2499,-76.2281,27.58,75,98,0.24
424,Mitu,CO,2023-01-08 18:38:40,1.1983,-70.1733,22.41,96,100,0.87
425,La Trinite,MQ,2023-01-08 18:38:41,14.7376,-60.9629,29.03,33,40,7.2
426,Mount Darwin,ZW,2023-01-08 18:38:41,-16.7725,31.5838,18.54,99,100,1.07
427,Potiskum,NG,2023-01-08 18:38:42,11.7091,11.0694,21.98,18,100,4.64
428,Sajanan,TN,2023-01-08 18:38:42,37.0573,9.2426,9.51,54,99,1.47
429,Astara,AZ,2023-01-08 18:38:42,38.5,48.6667,-0.01,97,100,0.81
430,Powassan,CA,2023-01-08 18:38:43,46.0334,-79.3496,-1.67,83,100,4.63
431,Alta Floresta,BR,2023-01-08 18:38:43,-9.8756,-56.0861,23.35,94,100,1.3
432,Colesberg,ZA,2023-01-08 18:38:43,-30.72,25.0972,25.84,20,42,2.15
433,Khislavichi,RU,2023-01-08 18:38:44,54.1871,32.1582,-12.28,87,100,3.99
434,Chalakudi,IN,2023-01-08 18:38:44,10.304,76.3361,24.95,88,20,2.06
435,Grindavik,IS,2023-01-08 18:38:45,63.8424,-22.4338,2.26,75,100,14.92
436,Oum Hadjer,TD,2023-01-08 18:38:45,13.2954,19.6966,24.29,14,99,4.31
437,Cabo Rojo,PR,2023-01-08 18:38:45,18.0866,-67.1457,29.29,78,13,3.13
438,Gusau,NG,2023-01-08 18:38:46,12.1628,6.6614,23.88,16,100,4.3
439,Indiana,US,2023-01-08 18:38:46,40.0003,-86.2503,3.66,76,100,2.57
440,Taoudenni,ML,2023-01-08 18:38:47,22.6783,-3.9836,18.72,16,62,5.24
441,Lasa,IT,2023-01-08 18:38:47,46.6166,10.7002,3.49,97,100,2.23
442,Vic,ES,2023-01-08 18:38:48,41.9301,2.2549,12.91,90,100,4.02
443,Narayangarh,IN,2023-01-08 18:38:48,30.4833,77.1333,9.92,56,5,1.01
444,Comodoro Rivadavia,AR,2023-01-08 18:38:48,-45.8667,-67.5,27.92,34,0,5.14
445,Bichena,ET,2023-01-08 18:38:49,10.45,38.2,15.15,44,27,2.69
446,Upata,VE,2023-01-08 18:38:49,8.0086,-62.3989,27.33,74,98,2.45
447,Gidam,IN,2023-01-08 18:38:49,18.9833,81.4,11.91,25,0,1.48
448,Erzincan,TR,2023-01-08 18:38:50,39.75,39.5,1.61,69,75,4.12
449,Korla,CN,2023-01-08 18:38:50,41.7597,86.1469,-3.85,45,100,1.12
450,Husavik,IS,2023-01-08 18:38:51,66.0449,-17.3389,1.64,99,100,2.83
451,Jalu,LY,2023-01-08 18:38:51,29.0331,21.5482,14.34,43,0,3.63
452,Raga,SS,2023-01-08 18:38:51,8.4596,25.678,23.32,25,8,1.9
453,Petrovsk,RU,2023-01-08 18:38:52,52.3064,45.3917,-16.96,93,100,4.08
454,Ilhabela,BR,2023-01-08 18:38:52,-23.7781,-45.3581,23.1,84,100,1.0
455,Verkhniye Tatyshly,RU,2023-01-08 18:38:53,56.2912,55.8575,-26.43,98,100,1.43
456,Zell Am See,AT,2023-01-08 18:38:53,47.3256,12.7944,5.74,80,80,3.85
457,Mikumi,TZ,2023-01-08 18:38:53,-7.4041,36.9831,21.27,91,94,1.07
458,Iquitos,PE,2023-01-08 18:38:54,-3.7481,-73.2472,28.02,83,75,4.12
459,Fonte Boa,BR,2023-01-08 18:38:54,-2.4959,-66.2662,27.26,75,69,1.82
460,Sjovegan,NO,2023-01-08 18:38:55,68.8726,17.8474,-3.59,84,100,5.07
461,Kitgum,UG,2023-01-08 18:38:55,3.2783,32.8867,27.03,30,29,3.59
462,Kyabe,TD,2023-01-08 18:39:55,9.4515,18.9449,26.8,14,100,2.26
463,Rome,US,2023-01-08 18:39:56,34.257,-85.1647,12.37,92,100,2.06
464,Kibaya,TZ,2023-01-08 18:39:56,-5.3,36.5667,16.23,87,84,2.31
465,Nurma,RU,2023-01-08 18:39:56,59.55,31.0167,-14.74,86,100,3.99
466,Mogadishu,SO,2023-01-08 18:39:57,2.0371,45.3438,25.78,81,100,9.27
467,Ngozi,BI,2023-01-08 18:39:57,-2.9075,29.8306,14.06,88,44,1.34
468,Panaba,MX,2023-01-08 18:39:58,21.2833,-88.2667,31.44,42,25,3.86
469,Thinadhoo,MV,2023-01-08 18:39:58,0.5333,72.9333,26.68,78,100,3.21
470,Sadiqabad,PK,2023-01-08 18:39:58,28.3062,70.1307,16.24,12,100,2.78
471,Polis,CY,2023-01-08 18:39:59,35.0367,32.4264,14.9,93,13,2.21
472,Bosaso,SO,2023-01-08 18:39:59,11.2842,49.1816,24.82,73,12,3.63
473,Agirish,RU,2023-01-08 18:40:00,61.9247,63.0231,-40.03,99,31,2.12
474,Veraval,IN,2023-01-08 18:40:00,20.9,70.3667,22.9,71,0,1.79
475,Santa Luzia,BR,2023-01-08 18:40:00,-19.7697,-43.8514,26.08,74,75,5.14
476,Guatire,VE,2023-01-08 18:40:01,10.4762,-66.5427,29.0,88,60,1.45
477,Mizan Teferi,ET,2023-01-08 18:40:01,6.9833,35.5833,18.59,57,12,0.5
478,Goderich,CA,2023-01-08 18:40:02,43.7501,-81.7165,-0.05,74,100,4.12
479,Urla,TR,2023-01-08 18:40:02,38.3229,26.764,7.22,58,0,2.76
480,La Asuncion,VE,2023-01-08 18:40:03,11.0333,-63.8628,21.85,100,54,6.17
481,Venado Tuerto,AR,2023-01-08 18:40:03,-33.7456,-61.9688,39.06,11,7,4.85
482,Necochea,AR,2023-01-08 18:40:04,-38.5473,-58.7368,29.09,45,0,7.6
483,Pestravka,RU,2023-01-08 18:40:04,52.405,49.9583,-25.51,99,18,2.91
484,Ozinki,RU,2023-01-08 18:40:04,51.1786,49.6769,-18.29,93,99,4.31
485,Marsh Harbour,BS,2023-01-08 18:40:05,26.5412,-77.0636,22.6,64,18,5.44
486,Bijawar,IN,2023-01-08 18:40:06,24.6333,79.5,11.32,33,0,0.74
487,Yenagoa,NG,2023-01-08 18:40:06,4.9247,6.2642,27.72,69,23,3.59
488,Nirgua,VE,2023-01-08 18:40:06,10.1553,-68.5663,23.3,82,64,0.85
489,Isalnita,RO,2023-01-08 18:40:07,44.4,23.7333,2.28,90,21,1.03
490,Kautokeino,NO,2023-01-08 18:40:07,69.0125,23.0412,-10.98,93,100,11.22
491,Les Cayes,HT,2023-01-08 18:40:08,18.2,-73.75,29.41,52,0,4.32
492,Mamou,GN,2023-01-08 18:40:08,10.5,-12.0,25.52,24,100,1.93
493,Bamako,ML,2023-01-08 18:40:09,12.65,-8.0,31.23,16,0,4.63
494,Aguimes,ES,2023-01-08 18:40:09,27.9054,-15.4461,18.35,68,20,6.71
495,Uyuni,BO,2023-01-08 18:40:09,-20.4597,-66.825,18.87,19,4,7.18
496,Hidrolandia,BR,2023-01-08 18:40:10,-4.4081,-40.4378,37.04,21,77,3.7
497,Ostersund,SE,2023-01-08 18:40:10,63.1792,14.6357,1.25,100,75,7.72
498,Bwanga,TZ,2023-01-08 18:40:11,-3.0308,31.7601,18.07,72,11,1.16
499,Saint-Joseph,RE,2023-01-08 18:40:11,-21.3667,55.6167,26.21,78,41,4.5
500,Contramaestre,CU,2023-01-08 18:40:11,20.2978,-76.2414,31.55,36,0,4.54
501,Sassandra,CI,2023-01-08 18:40:12,4.95,-6.0833,26.85,79,12,3.73
502,Oktyabrskoye,RU,2023-01-08 18:40:12,43.0645,44.7417,-12.92,85,100,1.0
503,Salta,AR,2023-01-08 18:40:13,-24.7859,-65.4117,20.88,79,75,3.09
504,Ocean City,US,2023-01-08 18:40:09,39.2776,-74.5746,6.68,60,100,1.34
505,Nova Era,BR,2023-01-08 18:37:38,-19.75,-43.0375,20.23,99,100,0.63
506,Kaniama,CD,2023-01-08 18:40:13,-7.5667,24.1833,18.43,96,100,2.16
507,Irituia,BR,2023-01-08 18:40:14,-1.7711,-47.4381,28.05,81,70,1.56
508,Cubuk,TR,2023-01-08 18:40:14,40.2386,33.0322,-0.69,93,40,3.6
509,Lincoln,US,2023-01-08 18:35:52,40.8,-96.667,5.54,64,0,3.6
510,Krasnoselkup,RU,2023-01-08 18:41:15,65.7,82.4667,-40.94,100,56,1.35
511,Umea,SE,2023-01-08 18:41:15,63.8284,20.2597,-3.04,93,100,5.14
512,Larsnes,NO,2023-01-08 18:41:16,62.2028,5.5773,8.9,83,100,3.11
513,Vertientes,CU,2023-01-08 18:41:16,21.2594,-78.1464,30.34,38,1,5.24
514,Viljoenskroon,ZA,2023-01-08 18:41:16,-27.2084,26.9485,21.43,46,7,4.6
515,Mpulungu,ZM,2023-01-08 18:41:17,-8.7623,31.1141,22.08,81,100,0.44
516,Piranshahr,IR,2023-01-08 18:41:17,36.701,45.1413,-0.96,90,47,2.9
517,Keti Bandar,PK,2023-01-08 18:41:18,24.1447,67.4497,21.09,42,15,3.84
518,Parkersburg,US,2023-01-08 18:37:05,39.2667,-81.5615,5.29,67,0,1.54
519,Tokonou,GN,2023-01-08 18:41:18,9.65,-9.7833,27.23,21,62,1.92
520,Sarakhs,IR,2023-01-08 18:41:18,36.5449,61.1577,6.33,69,0,1.94
521,Kovur,IN,2023-01-08 18:37:01,14.4833,79.9833,20.51,66,0,1.74
522,Yasnogorsk,RU,2023-01-08 18:41:19,54.4803,37.6975,-18.92,93,90,0.75
523,Trelew,AR,2023-01-08 18:41:19,-43.249,-65.3051,38.5,17,100,13.24
524,Tevriz,RU,2023-01-08 18:41:20,57.509,72.4042,-24.4,96,100,4.3
525,Aksarayskiy,RU,2023-01-08 18:41:20,46.7924,48.0119,-12.95,76,7,3.28
526,Temir,KZ,2023-01-08 18:41:21,49.1414,57.13,-24.03,97,16,3.1
527,Iskateley,RU,2023-01-08 18:41:21,67.6803,53.1512,-16.2,95,100,5.71
528,Gossas,SN,2023-01-08 18:41:21,14.4912,-16.0642,29.88,32,100,4.15
529,Doctor Cecilio Baez,PY,2023-01-08 18:41:22,-25.05,-56.3167,28.08,50,82,2.28
530,Betioky,MG,2023-01-08 18:41:22,-23.7167,44.3833,23.85,85,100,1.34
531,Yevlax,AZ,2023-01-08 18:41:23,40.6089,47.1492,0.99,86,100,4.12
532,Tyup,KG,2023-01-08 18:41:23,42.7276,78.3648,-3.4,74,100,2.64
533,Redondela,ES,2023-01-08 18:41:24,42.2834,-8.6096,13.47,89,75,1.03
534,Dowa,MW,2023-01-08 18:41:24,-13.654,33.9375,16.64,95,100,0.5
535,Songea,TZ,2023-01-08 18:41:24,-10.6833,35.65,22.64,73,20,2.06
536,Birjand,IR,2023-01-08 18:41:25,32.8663,59.2211,1.26,80,0,2.06
537,Miraflores,MX,2023-01-08 18:41:25,19.2167,-98.8083,21.65,27,0,1.9
538,Vozrozhdeniye,RU,2023-01-08 18:41:26,44.5503,38.2136,-5.84,52,0,4.52
539,Udagamandalam,IN,2023-01-08 18:41:26,11.4,76.7,8.22,90,9,0.65
540,Strezhevoy,RU,2023-01-08 18:41:26,60.7333,77.5889,-24.27,93,100,5.23
541,Gulbene,LV,2023-01-08 18:41:27,57.1777,26.7529,-5.92,86,100,4.71
542,Aketi,CD,2023-01-08 18:41:27,2.7388,23.7833,23.58,37,100,0.07
543,Quthing,LS,2023-01-08 18:41:28,-30.4,27.7003,20.12,42,82,0.12
544,La Massana,AD,2023-01-08 18:41:28,42.5667,1.4833,3.7,90,100,1.86
545,Msanga,TZ,2023-01-08 18:41:29,-6.05,36.0333,25.69,74,86,2.68
546,Wukari,NG,2023-01-08 18:41:29,7.85,9.7833,26.49,16,97,2.66
547,Karasjok,NO,2023-01-08 18:41:29,69.4719,25.5112,-10.44,93,100,10.5
548,Tashla,RU,2023-01-08 18:41:30,51.7716,52.7427,-22.09,98,100,2.39
549,Zambezi,ZM,2023-01-08 18:41:30,-13.5432,23.1047,18.71,98,100,1.6
550,Minab,IR,2023-01-08 18:41:31,27.1467,57.0801,18.32,71,87,0.92
551,Porto Novo,BJ,2023-01-08 18:41:31,6.4965,2.6036,26.48,79,64,3.16
552,Cap-Aux-Meules,CA,2023-01-08 18:40:08,47.3821,-61.8597,-4.97,63,75,10.8
553,Bahia Blanca,AR,2023-01-08 18:41:31,-38.7196,-62.2724,37.94,19,2,1.32
554,Petrovskiy,RU,2023-01-08 18:41:32,56.6421,40.3203,-32.45,100,38,1.02
555,Kuhdasht,IR,2023-01-08 18:37:04,33.535,47.6061,4.18,79,13,2.19
556,Lavumisa,SZ,2023-01-08 18:42:32,-27.31,31.892,18.9,90,20,1.02
557,Bako,ET,2023-01-08 18:42:33,5.7833,36.5667,22.75,36,86,0.87
558,Aswan,EG,2023-01-08 18:42:33,24.0934,32.907,19.61,32,0,2.06
559,Inirida,CO,2023-01-08 18:42:33,3.8653,-67.9239,29.55,60,58,1.23
560,Novo Oriente,BR,2023-01-08 18:42:34,-5.5344,-40.7742,32.31,33,94,3.61
561,Cravo Norte,CO,2023-01-08 18:42:34,6.3017,-70.2041,27.86,67,100,2.51
562,Barkly West,ZA,2023-01-08 18:42:35,-28.5354,24.5215,28.8,22,26,4.12
563,Svelgen,NO,2023-01-08 18:42:35,61.7685,5.2955,7.33,91,100,5.1
564,Marsaxlokk,MT,2023-01-08 18:42:35,35.8419,14.5431,15.04,88,20,2.57
565,Vammala,FI,2023-01-08 18:42:36,61.3333,22.9,-5.61,92,100,5.49
566,Cayeli,TR,2023-01-08 18:42:36,41.0923,40.7292,4.56,82,80,0.22
567,Nyanguge,TZ,2023-01-08 18:42:37,-2.55,33.2,19.84,60,83,0.45
568,Banyo,CM,2023-01-08 18:42:37,6.75,11.8167,22.5,26,52,2.33
569,Beitbridge,ZW,2023-01-08 18:42:38,-22.2167,30.0,23.35,50,100,3.62
570,Havre-Saint-Pierre,CA,2023-01-08 18:42:38,50.2334,-63.5986,-10.0,52,0,5.14
571,Pisco,PE,2023-01-08 18:42:38,-13.7,-76.2167,21.68,83,40,3.6
572,Valdez,EC,2023-01-08 18:42:39,1.2492,-78.9831,26.16,78,23,5.46
573,Windhoek,NA,2023-01-08 18:42:39,-22.5594,17.0832,28.57,18,69,1.34
574,Brigantine,US,2023-01-08 18:42:40,39.4101,-74.3646,6.7,60,0,3.13
575,Loralai,PK,2023-01-08 18:42:40,30.3705,68.598,7.87,35,69,0.48
